"endDateParam";"genderParam";"genreParam";"incomeParam";"occupationParam";"startDateParam";"dataSourceNameParam";"ANALYZER_URL";"DATABASE_NAME";startTime;"cpk.session.username"
"2014-10-02";"M";"Sci-Fi";"20";"3;4";"2012-06-19";"myFirstDataSource";"http://localhost:8080/pentaho/api/repos/xanalyzer/editor?showFieldList=true&showFieldLayout=true&catalog=myFirstDataSource&cube=myFirstDataSource&autoRefresh=true&showRepositoryButtons=true&fieldListView=cmdViewType";"ml_sdr_myfirstdatasource";2014-11-13 10:34:38;"admin";"/C:/Pentaho/server/biserver-ee/pentaho-solutions/system/"
"2014-10-02";"M";"Sci-Fi;Thriller;War";"40;50";"2;3;4";"2012-06-19";"mySecondDatasource";"http://localhost:8080/pentaho/api/repos/xanalyzer/editor?showFieldList=true&showFieldLayout=true&catalog=mySecondDatasource&cube=mySecondDatasource&autoRefresh=true&showRepositoryButtons=true&fieldListView=cmdViewType";"ml_sdr_myseconddatasource";2014-11-13 10:35:16;"admin";"/C:/Pentaho/server/biserver-ee/pentaho-solutions/system/"
"2014-10-02";"M";"Action;Animation;Crime";"20;50";"4;7";"2012-06-19";"jgvhjg";"http://localhost:8080/pentaho/api/repos/xanalyzer/editor?showFieldList=true&showFieldLayout=true&catalog=jgvhjg&cube=jgvhjg&autoRefresh=true&showRepositoryButtons=true&fieldListView=cmdViewType";"ml_sdr_jgvhjg";2014-11-13 13:24:23;"admin";"/C:/Pentaho/server/biserver-ee/pentaho-solutions/system/"
"2014-10-02";"M";"Adventure";"30";"2;3";"2012-06-19";"testing";"http://localhost:8080/pentaho/api/repos/xanalyzer/editor?showFieldList=true&showFieldLayout=true&catalog=testing&cube=testing&autoRefresh=true&showRepositoryButtons=true&fieldListView=cmdViewType";"ml_sdr_testing";2018-10-23 15:03:50;"admin";"/Users/graimundo/Documents/WebDetails/Server/ee/8.2.0.0-QAT/298/pentaho-solutions/system/"
"2014-10-02";"M";"Adventure;Animation";;;"2012-06-19";"testing2";"http://localhost:8080/pentaho/api/repos/xanalyzer/editor?showFieldList=true&showFieldLayout=true&catalog=testing2&cube=testing2&autoRefresh=true&showRepositoryButtons=true&fieldListView=cmdViewType";"ml_sdr_testing2";2018-10-23 15:06:58;"admin";"/Users/graimundo/Documents/WebDetails/Server/ee/8.2.0.0-QAT/298/pentaho-solutions/system/"
"2014-10-02";"M";"Adventure;Animation;Childrens";"10;20;30;40;50;60";"1;2;4;5;7";"2012-06-19";"bla";"http://localhost:8080/pentaho/api/repos/xanalyzer/editor?showFieldList=true&showFieldLayout=true&catalog=bla&cube=bla&autoRefresh=true&showRepositoryButtons=true&fieldListView=cmdViewType";"ml_sdr_bla";2018-10-23 15:15:38;"admin";"/Users/graimundo/Documents/WebDetails/Server/ee/8.2.0.0-QAT/298/pentaho-solutions/system/"
