<?xml version="1.0" encoding="UTF-8"?>
<cpk>
    <elementTypes defaultElement="main">
        <elementType name="Dashboard" class="pt.webdetails.cpk.elements.impl.DashboardElement">
            <elementLocations>
                <elementLocation path="dashboards/admin" isRecursive="true" pattern=".*\.wcdf" adminOnly="true"/>
                <elementLocation path="dashboards/" isRecursive="true" pattern=".*\.wcdf" adminOnly="false"/>
            </elementLocations>
        </elementType>
        <elementType name="Kettle" class="pt.webdetails.cpk.elements.impl.KettleJobElement">
            <elementLocations>
                <elementLocation path="endpoints/kettle/admin" isRecursive="true" pattern=".*\.kjb" adminOnly="true"/>
                <elementLocation path="endpoints/kettle/" isRecursive="true" pattern=".*\.kjb" adminOnly="false"/>
            </elementLocations>
        </elementType>
        <elementType name="Kettle" class="pt.webdetails.cpk.elements.impl.KettleTransformationElement">
            <elementLocations>
                <elementLocation path="endpoints/kettle/admin" isRecursive="true" pattern=".*\.ktr" adminOnly="true"/>
                <elementLocation path="endpoints/kettle/" isRecursive="true" pattern=".*\.ktr" adminOnly="false"/>
            </elementLocations>
        </elementType>
    </elementTypes> 
    <info>
        <CPK_version>8.2.0.0-SNAPSHOT</CPK_version>
        <description>This sample submission form will allow parameters to be passed from the Pentaho User Console (on the BA Server) into a Pentaho Data Integration transformation (on the DI Server) to execute a parameterized job. The parameterized job will auto-model and publish a data source back to the Pentaho User Console that can be used for immediate analysis and report sharing.</description>
        <name>sdr-sample-form</name>
        <author_email>lead@webdetails.pt</author_email>
        <author_name>Webdetails</author_name>
        <company_name>Webdetails</company_name>
        <company_url>www.webdetails.pt</company_url>
        <creation_date>2014-08-29</creation_date>
    </info>
</cpk> 
