<?xml version="1.0" encoding="UTF-8"?>


<!-- 
This is the spring configuration file that is used to wire session startup actions into the Pentaho
BI Platform. Session startup actions are action sequences that are run when a particular type of
session is started up. At the time of this writing the known session types were: 
PentahoHttpSession, PentahoPortletSession, UserSession, & Standalone session.
-->

<beans xmlns="http://www.springframework.org/schema/beans" xmlns:xsi="http://www.w3.org/2001/XMLSchema-instance"
       xsi:schemaLocation="http://www.springframework.org/schema/beans http://www.springframework.org/schema/beans/spring-beans-2.5.xsd" default-lazy-init="true">
	<bean id="sessionStartupActionsList" class="java.util.ArrayList">
		<constructor-arg>
			<list>
			
				<!-- Start of PentahoHttpSession startup actions. -->
				<!--<bean class="org.pentaho.platform.engine.core.system.SessionStartupAction">
					<property name="sessionType" value="org.pentaho.platform.web.http.session.PentahoHttpSession"/>
					<property name="actionPath" value="/public/bi-developers/rules/session-region-list.xaction"/>
					<property name="actionOutputScope" value="session"/>
				</bean>-->
				<!-- End of PentahoHttpSession startup actions. -->
				
				<!-- Start of UserSession startup actions. -->
				<!--<bean class="org.pentaho.platform.engine.core.system.SessionStartupAction">
					<property name="sessionType" value="org.pentaho.platform.engine.core.system.UserSession"/>
					<property name="actionPath" value="/public/bi-developers/rules/session-region-list.xaction"/>
					<property name="actionOutputScope" value="session"/>
				</bean>-->
				<!-- End of UserSession startup actions. -->

        <!-- Start of Global startup actions. -->
        <!--<bean class="org.pentaho.platform.engine.core.system.SessionStartupAction">
          <property name="sessionType" value="org.pentaho.platform.engine.security.session.TrustedSystemStartupSession"/>
          <property name="actionPath" value="/public/bi-developers/Secure/global-department-list.xaction"/>
          <property name="actionOutputScope" value="global"/>
        </bean>-->
        <!-- End of Global startup actions. -->
				
			</list>
		</constructor-arg>
	</bean>
</beans>
